{"schemaVersion":"1.0","appDefinitionTemplate":{"id":"/providers/Microsoft.PowerApps/apps/","type":"Microsoft.PowerApps/apps","tags":{"primaryDeviceWidth":"1366","primaryDeviceHeight":"768","sienaVersion":"20211108T074052Z-3.21102.25.0","deviceCapabilities":"","supportsPortrait":"true","supportsLandscape":"true","primaryFormFactor":"Tablet","publisherVersion":"3.21102.25","minimumRequiredApiVersion":"2.2.0","hasComponent":"false","hasUnlockedComponent":"false","isUnifiedRootApp":"false"},"properties":{"appVersion":"2021-11-08T07:40:52Z","lifeCycleId":"Published","createdByClientVersion":{"major":3,"minor":21102,"build":25,"revision":0,"majorRevision":0,"minorRevision":0},"minClientVersion":{"major":3,"minor":21102,"build":25,"revision":0,"majorRevision":0,"minorRevision":0},"backgroundColor":"RGBA(0,176,240,1)","backgroundImageUri":"/12868494411570763341/N00f3d3ac-4df6-4b7c-801f-136592b70b0c-logoSmallFile","displayName":"Final_Project","description":"","commitMessage":"","appUris":{"documentUri":{"value":"/12868494411570763341/N155d8192-8b1e-4444-8f5f-387999740ad0-document.msapp"},"imageUris":[]},"createdTime":"0001-01-01T00:00:00Z","lastModifiedTime":"0001-01-01T00:00:00Z","sharedGroupsCount":0,"sharedUsersCount":0,"icons":{"smallIconUri":"/12868494411570763341/Na61dbf3a-030e-4904-8a3b-0e8c16e0a2d8-small.png","mediumIconUri":"/12868494411570763341/N8094fbcc-5dfe-49c0-b428-7272c76e3f6b-medium.png","largeIconUri":"/12868494411570763341/N116cdd9e-1f6c-4998-a99b-312545f6be3f-large.png","wideIconUri":"/12868494411570763341/N78ba7fc5-6204-4d89-ba70-ad0d7fb57bd3-wide.png"},"connectionReferences":{"8a78cffb-9c15-441d-ab6d-fd4cabd21e3e":{"id":"d6c44e52-702c-4292-bba2-33bf1d4237f7","displayName":"SharePoint","iconUri":"https://connectoricons-prod.azureedge.net/releases/v1.0.1518/1.0.1518.2564/sharepointonline/icon.png","dataSources":["Book1","Book_list","Cart_Orders","Order_Items","Book OrdereD"],"dependencies":[],"dependents":[],"parameterHints":{},"parameterHintsV2":{},"isOnPremiseConnection":false,"bypassConsent":false,"dataSets":{"https://seattleapplab.sharepoint.com/sites/Demoo":{"dataSources":{"Book1":{"tableName":"71a60101-c664-4b5b-b270-0166f5c58d12"},"Book_list":{"tableName":"47e3bed4-4740-432f-a3dd-95e3a8289667"},"Cart_Orders":{"tableName":"2a7c1e83-2ddd-4a7c-a288-ed59297fb632"},"Order_Items":{"tableName":"db1cf52a-b1e6-433b-a980-ce5726476757"},"Book OrdereD":{"tableName":"15275e5e-286c-4c2d-a505-eb9858fa6c03"}}}},"apiTier":"Standard","isCustomApiConnection":false,"actions":["providers/PowerPlatform.Governance/Operations/Read"]},"16b4c59c-06a3-440e-aea0-cd1996403e10":{"id":"80dbcd1a-0ba9-4bce-ad11-333b61a1f285","displayName":"Mail","iconUri":"https://connectoricons-prod.azureedge.net/releases/v1.0.1528/1.0.1528.2589/sendmail/icon.png","dataSources":["Mail"],"dependencies":[],"dependents":["05728eca-bf25-4e95-82e7-53e27aa9a425","0774c26e-b880-47d9-b58d-3d47b48c4b23"],"parameterHints":{},"parameterHintsV2":{},"isOnPremiseConnection":false,"bypassConsent":false,"dataSets":{},"apiTier":"Standard","isCustomApiConnection":false,"actions":["SendEmail"]},"05728eca-bf25-4e95-82e7-53e27aa9a425":{"id":"f9d512df-bcb5-4c5b-ae1f-dc05597ae2a7","displayName":"Logic flows","iconUri":"https://connectoricons-prod.azureedge.net/releases/v1.0.1438/1.0.1438.2324/logicflows/icon.png","dataSources":["Send_collection"],"dependencies":["16b4c59c-06a3-440e-aea0-cd1996403e10"],"dependents":[],"parameterHints":{"workflowName":{"value":"28b4c91d-3b87-4ca3-8e4d-5ebbfef9d6b2"},"workflowEntityId":{},"16b4c59c-06a3-440e-aea0-cd1996403e10":{"value":"shared_sendmail"}},"parameterHintsV2":{"workflowName":{"value":"28b4c91d-3b87-4ca3-8e4d-5ebbfef9d6b2"},"workflowEntityId":{},"shared_sendmail":{"value":"16b4c59c-06a3-440e-aea0-cd1996403e10"}},"isOnPremiseConnection":false,"bypassConsent":false,"dataSets":{},"apiTier":"Standard","isCustomApiConnection":false},"0774c26e-b880-47d9-b58d-3d47b48c4b23":{"id":"f9d512df-bcb5-4c5b-ae1f-dc05597ae2a7","displayName":"Logic flows","iconUri":"https://connectoricons-prod.azureedge.net/releases/v1.0.1438/1.0.1438.2324/logicflows/icon.png","dataSources":["SendCollection"],"dependencies":["16b4c59c-06a3-440e-aea0-cd1996403e10"],"dependents":[],"parameterHints":{"workflowName":{"value":"4fc43d72-83b4-4d38-bcfd-1c2a829256bc"},"workflowEntityId":{},"16b4c59c-06a3-440e-aea0-cd1996403e10":{"value":"shared_sendmail"}},"parameterHintsV2":{"workflowName":{"value":"4fc43d72-83b4-4d38-bcfd-1c2a829256bc"},"workflowEntityId":{},"shared_sendmail":{"value":"16b4c59c-06a3-440e-aea0-cd1996403e10"}},"isOnPremiseConnection":false,"bypassConsent":false,"dataSets":{},"apiTier":"Standard","isCustomApiConnection":false,"actions":["Run"]}},"authorizationReferences":[{"resourceId":"powerbi"}],"databaseReferences":{},"almMode":"Environment","performanceOptimizationEnabled":true,"canConsumeAppPass":true,"executionRestrictions":{"isTeamsOnly":false,"dataLossPreventionEvaluationResult":{"status":"Compliant","lastEvaluationDate":"2021-10-26T15:06:56.4147075Z","violations":[],"violationsByPolicy":[],"violationErrorMessage":"The app uses the following connectors: shared_sharepointonline."}}},"appType":"ClassicCanvasApp","appComponents":[]}}